{
    "Customer ID": {
        "mean": 1966.310576923077,
        "std": 1122.7546601726524
    },
    "Age": {
        "mean": 44.04294871794872,
        "std": 15.207941633927962
    },
    "Review Rating": {
        "mean": 3.7506730775802564,
        "std": 0.7104482651553717
    },
    "Previous Purchases": {
        "mean": 25.402564102564103,
        "std": 14.518626183144566
    },
    "Gender_Female": {
        "mean": 0.3269230769230769,
        "std": 0.46908888144809663
    },
    "Gender_Male": {
        "mean": 0.6730769230769231,
        "std": 0.46908888144809663
    },
    "Item Purchased_Backpack": {
        "mean": 0.0375,
        "std": 0.18998355191963717
    },
    "Item Purchased_Belt": {
        "mean": 0.03878205128205128,
        "std": 0.19307512470643526
    },
    "Item Purchased_Blouse": {
        "mean": 0.04423076923076923,
        "std": 0.2056074130084435
    },
    "Item Purchased_Boots": {
        "mean": 0.03461538461538462,
        "std": 0.18280360982024957
    },
    "Item Purchased_Coat": {
        "mean": 0.041666666666666664,
        "std": 0.19982631347136787
    },
    "Item Purchased_Dress": {
        "mean": 0.04326923076923077,
        "std": 0.20346253816825252
    },
    "Item Purchased_Gloves": {
        "mean": 0.03621794871794872,
        "std": 0.18683203394657563
    },
    "Item Purchased_Handbag": {
        "mean": 0.038141025641025644,
        "std": 0.19153664872310372
    },
    "Item Purchased_Hat": {
        "mean": 0.03782051282051282,
        "std": 0.1907619501643567
    },
    "Item Purchased_Hoodie": {
        "mean": 0.040705128205128206,
        "std": 0.19760622647814116
    },
    "Item Purchased_Jacket": {
        "mean": 0.041987179487179484,
        "std": 0.20055985701503093
    },
    "Item Purchased_Jeans": {
        "mean": 0.03076923076923077,
        "std": 0.17269187938957076
    },
    "Item Purchased_Jewelry": {
        "mean": 0.04583333333333333,
        "std": 0.20912350152216536
    },
    "Item Purchased_Pants": {
        "mean": 0.04326923076923077,
        "std": 0.20346253816825277
    },
    "Item Purchased_Sandals": {
        "mean": 0.041987179487179484,
        "std": 0.2005598570150309
    },
    "Item Purchased_Scarf": {
        "mean": 0.04262820512820513,
        "std": 0.2020174280990362
    },
    "Item Purchased_Shirt": {
        "mean": 0.04006410256410257,
        "std": 0.19610958734808526
    },
    "Item Purchased_Shoes": {
        "mean": 0.04006410256410257,
        "std": 0.19610958734808523
    },
    "Item Purchased_Shorts": {
        "mean": 0.04294871794871795,
        "std": 0.20274152405287393
    },
    "Item Purchased_Skirt": {
        "mean": 0.041346153846153845,
        "std": 0.19908955122829375
    },
    "Item Purchased_Sneakers": {
        "mean": 0.03621794871794872,
        "std": 0.18683203394657563
    },
    "Item Purchased_Socks": {
        "mean": 0.04006410256410257,
        "std": 0.1961095873480853
    },
    "Item Purchased_Sunglasses": {
        "mean": 0.040705128205128206,
        "std": 0.19760622647814163
    },
    "Item Purchased_Sweater": {
        "mean": 0.04230769230769231,
        "std": 0.20129021704814623
    },
    "Item Purchased_T-shirt": {
        "mean": 0.03685897435897436,
        "std": 0.18841547274090156
    },
    "Category_Accessories": {
        "mean": 0.3176282051282051,
        "std": 0.4655540016316561
    },
    "Category_Clothing": {
        "mean": 0.44583333333333336,
        "std": 0.49705731281434423
    },
    "Category_Footwear": {
        "mean": 0.1528846153846154,
        "std": 0.3598762422879682
    },
    "Category_Outerwear": {
        "mean": 0.08365384615384615,
        "std": 0.27686798330162904
    },
    "Location_Alabama": {
        "mean": 0.021474358974358974,
        "std": 0.14495934216530879
    },
    "Location_Alaska": {
        "mean": 0.01858974358974359,
        "std": 0.13507096291583273
    },
    "Location_Arizona": {
        "mean": 0.015384615384615385,
        "std": 0.12307692307691963
    },
    "Location_Arkansas": {
        "mean": 0.01891025641025641,
        "std": 0.13620814444355295
    },
    "Location_California": {
        "mean": 0.02435897435897436,
        "std": 0.15416100261464785
    },
    "Location_Colorado": {
        "mean": 0.019230769230769232,
        "std": 0.13733516208735855
    },
    "Location_Connecticut": {
        "mean": 0.01891025641025641,
        "std": 0.1362081444435528
    },
    "Location_Delaware": {
        "mean": 0.021474358974358974,
        "std": 0.14495934216530854
    },
    "Location_Florida": {
        "mean": 0.016025641025641024,
        "std": 0.12557396169333007
    },
    "Location_Georgia": {
        "mean": 0.020192307692307693,
        "std": 0.1406576638593361
    },
    "Location_Hawaii": {
        "mean": 0.015705128205128205,
        "std": 0.12433212438138369
    },
    "Location_Idaho": {
        "mean": 0.022435897435897436,
        "std": 0.14809634682241263
    },
    "Location_Illinois": {
        "mean": 0.025,
        "std": 0.1561249499599586
    },
    "Location_Indiana": {
        "mean": 0.020833333333333332,
        "std": 0.14282613750835743
    },
    "Location_Iowa": {
        "mean": 0.01955128205128205,
        "std": 0.13845226405311206
    },
    "Location_Kansas": {
        "mean": 0.015705128205128205,
        "std": 0.1243321243813841
    },
    "Location_Kentucky": {
        "mean": 0.021153846153846155,
        "std": 0.14389704981947224
    },
    "Location_Louisiana": {
        "mean": 0.023076923076923078,
        "std": 0.15014785612264153
    },
    "Location_Maine": {
        "mean": 0.01955128205128205,
        "std": 0.13845226405311228
    },
    "Location_Maryland": {
        "mean": 0.021474358974358974,
        "std": 0.14495934216530887
    },
    "Location_Massachusetts": {
        "mean": 0.01891025641025641,
        "std": 0.13620814444355245
    },
    "Location_Michigan": {
        "mean": 0.016666666666666666,
        "std": 0.12801909579780632
    },
    "Location_Minnesota": {
        "mean": 0.02435897435897436,
        "std": 0.15416100261464788
    },
    "Location_Mississippi": {
        "mean": 0.022435897435897436,
        "std": 0.1480963468224129
    },
    "Location_Missouri": {
        "mean": 0.020512820512820513,
        "std": 0.14174640985727974
    },
    "Location_Montana": {
        "mean": 0.02435897435897436,
        "std": 0.15416100261464788
    },
    "Location_Nebraska": {
        "mean": 0.022435897435897436,
        "std": 0.14809634682241332
    },
    "Location_Nevada": {
        "mean": 0.023397435897435898,
        "std": 0.15116215098648927
    },
    "Location_New Hampshire": {
        "mean": 0.016666666666666666,
        "std": 0.12801909579780554
    },
    "Location_New Jersey": {
        "mean": 0.017948717948717947,
        "std": 0.13276506118973921
    },
    "Location_New Mexico": {
        "mean": 0.01891025641025641,
        "std": 0.13620814444355323
    },
    "Location_New York": {
        "mean": 0.021474358974358974,
        "std": 0.14495934216530693
    },
    "Location_North Carolina": {
        "mean": 0.020833333333333332,
        "std": 0.14282613750835751
    },
    "Location_North Dakota": {
        "mean": 0.02435897435897436,
        "std": 0.1541610026146478
    },
    "Location_Ohio": {
        "mean": 0.01891025641025641,
        "std": 0.13620814444355275
    },
    "Location_Oklahoma": {
        "mean": 0.01955128205128205,
        "std": 0.13845226405311262
    },
    "Location_Oregon": {
        "mean": 0.021153846153846155,
        "std": 0.14389704981947135
    },
    "Location_Pennsylvania": {
        "mean": 0.020512820512820513,
        "std": 0.14174640985728063
    },
    "Location_Rhode Island": {
        "mean": 0.01730769230769231,
        "std": 0.1304152448706586
    },
    "Location_South Carolina": {
        "mean": 0.020512820512820513,
        "std": 0.14174640985727963
    },
    "Location_South Dakota": {
        "mean": 0.017628205128205128,
        "std": 0.13159578835267677
    },
    "Location_Tennessee": {
        "mean": 0.01858974358974359,
        "std": 0.13507096291583318
    },
    "Location_Texas": {
        "mean": 0.01891025641025641,
        "std": 0.13620814444355375
    },
    "Location_Utah": {
        "mean": 0.019230769230769232,
        "std": 0.1373351620873589
    },
    "Location_Vermont": {
        "mean": 0.019230769230769232,
        "std": 0.13733516208735735
    },
    "Location_Virginia": {
        "mean": 0.021474358974358974,
        "std": 0.14495934216530892
    },
    "Location_Washington": {
        "mean": 0.017948717948717947,
        "std": 0.13276506118973924
    },
    "Location_West Virginia": {
        "mean": 0.021474358974358974,
        "std": 0.1449593421653075
    },
    "Location_Wisconsin": {
        "mean": 0.020192307692307693,
        "std": 0.14065766385933626
    },
    "Location_Wyoming": {
        "mean": 0.015064102564102564,
        "std": 0.12180794464254531
    },
    "Size_L": {
        "mean": 0.2692307692307692,
        "std": 0.4435600997950426
    },
    "Size_M": {
        "mean": 0.45032051282051283,
        "std": 0.4975258270216656
    },
    "Size_S": {
        "mean": 0.17275641025641025,
        "std": 0.3780365497828582
    },
    "Size_XL": {
        "mean": 0.1076923076923077,
        "std": 0.3099914104555329
    },
    "Color_Beige": {
        "mean": 0.03621794871794872,
        "std": 0.18683203394657535
    },
    "Color_Black": {
        "mean": 0.041025641025641026,
        "std": 0.19834953441860567
    },
    "Color_Blue": {
        "mean": 0.03878205128205128,
        "std": 0.1930751247064361
    },
    "Color_Brown": {
        "mean": 0.0391025641025641,
        "std": 0.19383898881073414
    },
    "Color_Charcoal": {
        "mean": 0.03878205128205128,
        "std": 0.19307512470643545
    },
    "Color_Cyan": {
        "mean": 0.041987179487179484,
        "std": 0.20055985701503104
    },
    "Color_Gold": {
        "mean": 0.038461538461538464,
        "std": 0.19230769230769418
    },
    "Color_Gray": {
        "mean": 0.041987179487179484,
        "std": 0.20055985701503093
    },
    "Color_Green": {
        "mean": 0.04326923076923077,
        "std": 0.20346253816825255
    },
    "Color_Indigo": {
        "mean": 0.03717948717948718,
        "std": 0.1892014083260453
    },
    "Color_Lavender": {
        "mean": 0.03653846153846154,
        "std": 0.18762569751199384
    },
    "Color_Magenta": {
        "mean": 0.0391025641025641,
        "std": 0.19383898881073577
    },
    "Color_Maroon": {
        "mean": 0.038461538461538464,
        "std": 0.1923076923076936
    },
    "Color_Olive": {
        "mean": 0.04391025641025641,
        "std": 0.20489545088225042
    },
    "Color_Orange": {
        "mean": 0.03974358974358974,
        "std": 0.19535617936958594
    },
    "Color_Peach": {
        "mean": 0.041666666666666664,
        "std": 0.19982631347136887
    },
    "Color_Pink": {
        "mean": 0.03878205128205128,
        "std": 0.19307512470643587
    },
    "Color_Purple": {
        "mean": 0.03942307692307692,
        "std": 0.1945993266406517
    },
    "Color_Red": {
        "mean": 0.035576923076923075,
        "std": 0.18523284163804093
    },
    "Color_Silver": {
        "mean": 0.04423076923076923,
        "std": 0.20560741300844343
    },
    "Color_Teal": {
        "mean": 0.04391025641025641,
        "std": 0.20489545088225128
    },
    "Color_Turquoise": {
        "mean": 0.03782051282051282,
        "std": 0.19076195016435818
    },
    "Color_Violet": {
        "mean": 0.04262820512820513,
        "std": 0.20201742809903647
    },
    "Color_White": {
        "mean": 0.03653846153846154,
        "std": 0.1876256975119933
    },
    "Color_Yellow": {
        "mean": 0.04487179487179487,
        "std": 0.20702250335839717
    },
    "Season_Fall": {
        "mean": 0.24358974358974358,
        "std": 0.42924792417392
    },
    "Season_Spring": {
        "mean": 0.25576923076923075,
        "std": 0.43629271293586835
    },
    "Season_Summer": {
        "mean": 0.24519230769230768,
        "std": 0.43020116217977267
    },
    "Season_Winter": {
        "mean": 0.25544871794871793,
        "std": 0.4361131395028953
    },
    "Subscription Status_No": {
        "mean": 0.7336538461538461,
        "std": 0.44204737322769155
    },
    "Subscription Status_Yes": {
        "mean": 0.26634615384615384,
        "std": 0.44204737322769155
    },
    "Shipping Type_2-Day Shipping": {
        "mean": 0.1605769230769231,
        "std": 0.3671402659094526
    },
    "Shipping Type_Express": {
        "mean": 0.16634615384615384,
        "std": 0.3723910725926949
    },
    "Shipping Type_Free Shipping": {
        "mean": 0.17243589743589743,
        "std": 0.37775886318043
    },
    "Shipping Type_Next Day Air": {
        "mean": 0.16025641025641027,
        "std": 0.36684369045704834
    },
    "Shipping Type_Standard": {
        "mean": 0.17403846153846153,
        "std": 0.3791425529319979
    },
    "Shipping Type_Store Pickup": {
        "mean": 0.16634615384615384,
        "std": 0.37239107259269394
    },
    "Discount Applied_No": {
        "mean": 0.5772435897435897,
        "std": 0.4939973965958909
    },
    "Discount Applied_Yes": {
        "mean": 0.42275641025641025,
        "std": 0.4939973965958909
    },
    "Promo Code Used_No": {
        "mean": 0.5772435897435897,
        "std": 0.4939973965958909
    },
    "Promo Code Used_Yes": {
        "mean": 0.42275641025641025,
        "std": 0.4939973965958909
    },
    "Payment Method_Bank Transfer": {
        "mean": 0.15993589743589742,
        "std": 0.3665465947833504
    },
    "Payment Method_Cash": {
        "mean": 0.17211538461538461,
        "std": 0.37748070016106244
    },
    "Payment Method_Credit Card": {
        "mean": 0.16698717948717948,
        "std": 0.3729644237378243
    },
    "Payment Method_Debit Card": {
        "mean": 0.16314102564102564,
        "std": 0.36949429142250967
    },
    "Payment Method_PayPal": {
        "mean": 0.17692307692307693,
        "std": 0.3816035924557736
    },
    "Payment Method_Venmo": {
        "mean": 0.1608974358974359,
        "std": 0.3674363224003099
    }
}